relative_effect,lwr,upr,measure
1.917739,1.470102,2.5016789,avg
1.6654235,1.3214712,2.0988996,max
1.5004874,1.2305856,1.8295863,auc
1.175095,1.0889677,1.2680342,dis
