avg,se
68.105179307,0.0906998646
